lifted,n_lifted_ok,node,uf,old,verdict,att,nat_ok,all_cause,ac_share,shape,jump,scope,k,tested,bound,consistent
node + block: b=-0.010 x0.97 p=0.989 no nodeshare=0.26 one jurisdiction,0,I10,32,A-sib,explained,0.99,True,-0.022,0.09,indeterminate,0.58,multi-state,4,transfer with block:supports<=0.88; transfer with R00-R99:excluded<=1.00,,
,0,I24,42,U,survives,0.55,True,-0.019,0.08,indeterminate,0.67,one jurisdiction,2,transfer with R00-R99:excluded<=1.00,,
,0,I60,23,U,survives,0.63,True,0.032,0.2,gradual,1.38,one jurisdiction,2,transfer with R00-R99:excluded<=1.00,,
,0,I63,24,U,survives,0.54,True,0.046,0.11,indeterminate,2.65,multi-state,12,,,
node + R00-R99: b=+0.242 x2.13 p=0.059 no nodeshare=0.36 multi-state,0,I63,32,A-sib,open,0.85,True,-0.022,0.0,indeterminate,4.76,multi-state,12,transfer with block:excluded<=1.00,transfer with R00-R99:open<=1.00,
node + block: b=-0.020 x0.94 p=1.000 no nodeshare=0.09 one jurisdiction; node + R00-R99: b=-0.150 x0.63 p=0.002 OK nodeshare=0.19 multi-state; node + all lifted pools: b=-0.072 x0.80 p=0.114 no nodeshare=0.06 one jurisdiction,1,I63,41,A-off,not_replicated,-0.36,False,-0.027,0.3,indeterminate,0.82,multi-state,13,transfer with block:supports<=1.00,transfer with R00-R99:open<=1.00,
node + block: b=-0.030 x0.91 p=0.978 no nodeshare=0.33 one jurisdiction; node + R00-R99: b=-0.172 x0.58 p=0.000 OK nodeshare=0.75 multi-state; node + all lifted pools: b=-0.031 x0.91 p=0.990 no nodeshare=0.30 one jurisdiction,1,I64,32,A-sib,rescoped,0.63,True,-0.022,0.14,gradual,0.77,multi-state,4,transfer with block:supports<=0.83,transfer with R00-R99:open<=0.90,
node + block: b=-0.029 x0.91 p=1.000 no nodeshare=0.33 one jurisdiction,0,I64,43,A-sib,not_replicated,0.24,False,-0.007,0.22,indeterminate,0.83,multi-state,5,transfer with block:supports<=1.00; transfer with R00-R99:excluded<=1.00,,
node + block: b=-0.005 x0.98 p=0.999 no nodeshare=0.06 one jurisdiction; node + R00-R99: b=-0.078 x0.78 p=0.407 no nodeshare=0.18 multi-state; node + all lifted pools: b=-0.001 x1.00 p=0.989 no nodeshare=0.05 one jurisdiction,0,I67,17,A-step,explained,0.91,True,0.008,0.0,indeterminate,0.27,multi-state,4,transfer with block:supports<=1.00,transfer with R00-R99:open<=1.00,
node + block: b=-0.026 x0.92 p=0.987 no nodeshare=0.16 one jurisdiction,0,I67,42,U,explained,0.95,True,-0.019,0.09,gradual,0.62,multi-state,4,transfer with block:supports<=0.63; transfer with R00-R99:excluded<=0.57,,
node + block: b=-0.029 x0.91 p=1.000 no nodeshare=0.17 one jurisdiction,0,I67,43,A-step,explained,0.76,True,-0.007,0.02,indeterminate,0.08,multi-state,4,transfer with block:supports<=0.66; transfer with R00-R99:excluded<=0.57,,
node + block: b=+0.025 x1.08 p=0.992 no nodeshare=0.10 one jurisdiction,0,I69,21,U,open,0.84,True,0.046,0.18,indeterminate,1.7,multi-state,4,,transfer with block:open<=0.52,
node + block: b=+0.006 x1.02 p=1.000 no nodeshare=0.13 one jurisdiction; node + R00-R99: b=+0.095 x1.35 p=0.073 no nodeshare=0.25 one jurisdiction; node + all lifted pools: b=+0.024 x1.08 p=0.980 no nodeshare=0.09 one jurisdiction,0,I69,22,A-sib,open,0.78,True,0.023,0.12,indeterminate,1.49,multi-state,4,,transfer with block:open<=0.62; transfer with R00-R99:open<=0.94,
,0,I70,31,U,survives,0.6,True,-0.012,0.05,indeterminate,0.53,one jurisdiction,3,,,
,0,I73,23,U,survives,0.8,True,0.032,0.1,gradual,1.83,multi-state,6,transfer with R00-R99:excluded<=1.00,,
,0,I73,26,U,survives,0.73,True,0.012,0.06,gradual,1.55,multi-state,6,transfer with R00-R99:excluded<=1.00,,
,0,J60-J70,23,A-ill,survives,1.0,True,0.032,0.11,gradual,1.72,one jurisdiction,2,transfer with R00-R99:excluded<=1.00,,
node + R00-R99: b=+0.070 x1.24 p=0.250 no nodeshare=0.06 one jurisdiction,0,J60-J70,43,A-ill,open,1.02,True,-0.007,0.03,gradual,0.67,one jurisdiction,2,,transfer with R00-R99:open<=1.00,
,0,J69,23,A-ill,survives,0.94,True,0.032,0.1,gradual,1.8,one jurisdiction,3,transfer with R00-R99:excluded<=1.00,,
node + R00-R99: b=+0.068 x1.24 p=0.296 no nodeshare=0.05 multi-state,0,J81,43,A-ill,open,0.86,True,-0.007,0.02,indeterminate,0.48,one jurisdiction,3,,transfer with R00-R99:open<=1.00,
node + R00-R99: b=-0.322 x0.36 p=0.003 OK nodeshare=0.12 multi-state,1,R00-R09,52,A-R,rescoped,1.0,True,-0.011,0.03,indeterminate,0.4,one jurisdiction,3,transfer with R00-R99:supports<=0.71,,certification (the claim's subject is the ill-defined chapter):open
,0,R50-R69,41,A-R,open,0.99,True,-0.027,0.11,gradual,0.52,one jurisdiction,3,,,certification (the claim's subject is the ill-defined chapter):open
,0,R54,41,A-R,open,1.01,True,-0.027,0.09,indeterminate,0.45,one jurisdiction,3,,,certification (the claim's subject is the ill-defined chapter):open
,0,R57,33,A-R,not_replicated,0.45,False,0.001,0.01,indeterminate,1.52,one jurisdiction,1,,,certification (the claim's subject is the ill-defined chapter):open
node + R00-R99: b=-0.042 x0.88 p=0.573 no nodeshare=0.05 multi-state,0,R68,23,A-R,not_replicated,0.4,False,0.032,0.0,indeterminate,0.52,multi-state,5,,transfer with R00-R99:open<=1.00,certification (the claim's subject is the ill-defined chapter):open
,0,R68,52,A-R,open,0.7,True,-0.011,0.03,indeterminate,0.45,multi-state,4,transfer with R00-R99:excluded<=1.00,,certification (the claim's subject is the ill-defined chapter):open
,0,R96,21,A-R,open,0.8,True,0.046,0.1,gradual,2.46,multi-state,6,transfer with R00-R99:excluded<=1.00,,certification (the claim's subject is the ill-defined chapter):open
,0,R98,23,A-R,not_replicated,0.11,False,0.032,0.0,gradual,0.34,multi-state,4,transfer with block:excluded<=1.00; transfer with R00-R99:excluded<=1.00,,certification (the claim's subject is the ill-defined chapter):open
node + block: b=+0.051 x1.17 p=0.622 no nodeshare=0.54 multi-state; node + R00-R99: b=+0.068 x1.24 p=0.328 no nodeshare=0.48 one jurisdiction; node + all lifted pools: b=+0.068 x1.24 p=0.328 no nodeshare=0.48 one jurisdiction,0,R98,29,A-R,not_replicated,0.05,False,0.02,0.0,indeterminate,0.54,multi-state,4,,transfer with block:open<=1.00; transfer with R00-R99:open<=1.00,certification (the claim's subject is the ill-defined chapter):open
node + block: b=+0.016 x1.05 p=0.968 no nodeshare=0.13 one jurisdiction,0,V09,23,A-off,not_replicated,0.33,False,0.032,0.0,indeterminate,0.67,one jurisdiction,3,transfer with R00-R99:excluded<=1.00,transfer with block:open<=1.00,
node + block: b=+0.016 x1.05 p=0.968 no nodeshare=0.03 one jurisdiction,0,V22,23,U,open,0.78,True,0.032,0.1,gradual,2.43,one jurisdiction,1,transfer with R00-R99:excluded<=1.00,transfer with block:open<=1.00,
,0,V29,29,U,survives,1.3,True,0.02,0.11,gradual,1.38,one jurisdiction,1,transfer with R00-R99:excluded<=1.00,,
,0,V29,41,A-res,survives,0.96,True,-0.027,0.06,gradual,0.5,one jurisdiction,2,,,
node + block: b=+0.072 x1.25 p=0.274 no nodeshare=0.06 one jurisdiction,0,V49,21,A-res,explained,0.61,True,0.046,0.0,gradual,0.56,one jurisdiction,3,transfer with block:supports<=1.00; transfer with R00-R99:excluded<=1.00,,
,0,V49,41,A-res,survives,0.57,True,-0.027,0.11,indeterminate,0.48,one jurisdiction,3,,,
node + block: b=-0.052 x0.85 p=0.677 no nodeshare=0.01 one jurisdiction,0,V87,35,A-res,open,1.03,True,-0.009,0.01,gradual,0.33,one jurisdiction,3,transfer with R00-R99:excluded<=1.00,transfer with block:open<=1.00,
,0,V89,41,A-res,survives,0.58,True,-0.027,0.09,gradual,0.56,multi-state,7,,,
node + block: b=+0.025 x1.08 p=0.961 no nodeshare=0.19 one jurisdiction; node + R00-R99: b=+0.053 x1.18 p=0.645 no nodeshare=0.09 multi-state; node + all lifted pools: b=+0.066 x1.23 p=0.289 no nodeshare=0.06 one jurisdiction,0,V89,43,A-res,open,0.63,True,-0.007,0.02,indeterminate,0.45,multi-state,7,,transfer with block:open<=0.93; transfer with R00-R99:open<=1.00,
node + block: b=-0.007 x0.98 p=1.000 no nodeshare=0.04 one jurisdiction,0,V99,31,A-res,open,0.72,True,-0.012,0.05,indeterminate,0.61,multi-state,4,,transfer with block:open<=1.00,
,0,V99,35,A-res,survives,0.84,True,-0.009,0.02,gradual,0.33,multi-state,4,transfer with block:excluded<=1.00; transfer with R00-R99:excluded<=1.00,,
,0,W01,27,U,survives,0.77,True,0.0,0.0,gradual,4.98,multi-state,8,transfer with R00-R99:excluded<=1.00; transfer with undetermined intent:excluded<=0.94,,
node + block: b=+0.102 x1.37 p=0.266 no nodeshare=0.46 multi-state; node + R00-R99: b=+0.112 x1.42 p=0.115 no nodeshare=0.06 multi-state; node + all lifted pools: b=+0.101 x1.37 p=0.140 no nodeshare=0.06 multi-state,0,W18,24,A-off,not_replicated,0.47,False,0.046,0.19,indeterminate,1.69,multi-state,5,,transfer with block:open<=1.00; transfer with R00-R99:open<=1.00,
node + block: b=+0.229 x2.05 p=0.001 OK nodeshare=0.16 multi-state; node + R00-R99: b=-0.102 x0.73 p=0.049 OK nodeshare=0.03 one jurisdiction; node + all lifted pools: b=-0.043 x0.87 p=0.820 no nodeshare=0.03 multi-state,2,W18,26,A-off,not_replicated,-0.06,False,0.012,0.0,indeterminate,0.91,multi-state,6,,transfer with block:open<=1.00; transfer with R00-R99:open<=1.00,
node + R00-R99: b=-0.039 x0.89 p=0.847 no nodeshare=0.11 multi-state,0,W19,26,U,open,0.94,True,0.012,0.03,indeterminate,2.28,one jurisdiction,3,,transfer with R00-R99:open<=1.00,
,0,W19,43,U,survives,0.85,True,-0.007,0.0,gradual,1.66,one jurisdiction,3,transfer with R00-R99:excluded<=1.00; transfer with undetermined intent:excluded<=1.00,,
node + block: b=+0.101 x1.37 p=0.232 no nodeshare=0.33 multi-state; node + R00-R99: b=-0.112 x0.70 p=0.103 no nodeshare=0.01 multi-state; node + all lifted pools: b=-0.111 x0.71 p=0.102 no nodeshare=0.01 multi-state,0,W78,42,A-off,not_replicated,0.48,False,-0.019,0.0,step,2.46,one jurisdiction,3,transfer with block:supports<=1.00; transfer with undetermined intent:excluded<=1.00,transfer with R00-R99:open<=1.00,administrative step:open
,0,X93,50,A-sib,survives,1.01,True,-0.007,0.0,gradual,12.52,multi-state,4,transfer with block:excluded<=1.00,,
,0,X95,35,A-comp,survives,1.06,True,-0.009,0.04,indeterminate,0.61,multi-state,5,transfer with R00-R99:excluded<=0.85,,
,0,Y00,35,A-comp,survives,0.75,True,-0.009,0.05,indeterminate,0.68,one jurisdiction,3,transfer with R00-R99:excluded<=1.00; transfer with undetermined intent:excluded<=1.00,,
node + R00-R99: b=+0.043 x1.15 p=0.808 no nodeshare=0.07 one jurisdiction,0,Y10-Y34,43,A-comp,open,0.99,True,-0.007,0.02,gradual,0.4,one jurisdiction,3,,transfer with R00-R99:open<=1.00,
,0,Y21,31,A-off,not_replicated,0.38,False,-0.012,0.06,indeterminate,0.6,one jurisdiction,2,,,
node + block: b=+0.061 x1.21 p=0.478 no nodeshare=0.05 one jurisdiction; node + undetermined intent: b=+0.061 x1.21 p=0.478 no nodeshare=0.05 one jurisdiction; node + all lifted pools: b=+0.061 x1.21 p=0.478 no nodeshare=0.05 one jurisdiction,0,Y21,35,A-off,not_replicated,0.27,False,-0.009,0.08,indeterminate,0.75,one jurisdiction,3,transfer with R00-R99:excluded<=1.00,transfer with block:open<=1.00; transfer with undetermined intent:open<=1.00,
node + block: b=-0.064 x0.82 p=0.450 no nodeshare=0.08 multi-state; node + undetermined intent: b=-0.064 x0.82 p=0.450 no nodeshare=0.08 multi-state; node + all lifted pools: b=-0.064 x0.82 p=0.450 no nodeshare=0.08 multi-state,0,Y21,52,A-off,not_replicated,0.45,False,-0.011,0.05,indeterminate,0.44,one jurisdiction,3,transfer with R00-R99:excluded<=1.00,transfer with block:open<=1.00; transfer with undetermined intent:open<=1.00,
,0,Y35,52,S,survives,1.04,True,-0.011,0.0,gradual,16.69,multi-state,6,transfer with R00-R99:excluded<=1.00; transfer with undetermined intent:excluded<=1.00,,
,0,Y35-Y36,52,S,survives,1.04,True,-0.011,0.0,gradual,16.69,multi-state,6,transfer with R00-R99:excluded<=1.00; transfer with undetermined intent:excluded<=1.00,,
,0,Y40-Y84,23,A-step,survives,1.0,True,0.032,0.0,gradual,0.17,one jurisdiction,2,transfer with R00-R99:excluded<=1.00,,
,0,Y83,23,A-step,survives,0.99,True,0.032,0.0,gradual,0.13,one jurisdiction,2,transfer with R00-R99:excluded<=1.00,,
